component	mask	singular_value	variance_explained	cumulative_variance_explained	retained
c_comp_cor_00	CSF	248.5601298844	0.0790052918	0.0790052918	True
c_comp_cor_01	CSF	223.738415088	0.064013911	0.1430192028	True
c_comp_cor_02	CSF	201.5419125466	0.0519426375	0.1949618402	True
c_comp_cor_03	CSF	170.2101465462	0.0370479463	0.2320097865	True
c_comp_cor_04	CSF	145.0896854724	0.0269194589	0.2589292454	True
c_comp_cor_05	CSF	143.5648918561	0.0263566217	0.2852858671	True
c_comp_cor_06	CSF	122.0515983964	0.0190493512	0.3043352183	True
c_comp_cor_07	CSF	118.7148859349	0.0180220258	0.3223572441	True
c_comp_cor_08	CSF	110.3358244832	0.0155677675	0.3379250116	True
c_comp_cor_09	CSF	102.9856091675	0.0135627055	0.351487717	True
c_comp_cor_10	CSF	98.3940777067	0.0123802999	0.363868017	True
c_comp_cor_11	CSF	91.7730904708	0.0107702048	0.3746382217	True
c_comp_cor_12	CSF	89.5999336768	0.0102661741	0.3849043958	True
c_comp_cor_13	CSF	88.6926714563	0.0100593222	0.394963718	True
c_comp_cor_14	CSF	82.5463793143	0.0087134332	0.4036771512	True
c_comp_cor_15	CSF	78.1323798788	0.0078064818	0.411483633	True
c_comp_cor_16	CSF	76.9327559731	0.0075686048	0.4190522378	True
c_comp_cor_17	CSF	74.187694153	0.0070381253	0.4260903631	True
c_comp_cor_18	CSF	72.5909637447	0.0067384246	0.4328287876	True
c_comp_cor_19	CSF	71.7010958523	0.0065742291	0.4394030167	True
c_comp_cor_20	CSF	68.3924037585	0.0059814845	0.4453845012	True
c_comp_cor_21	CSF	66.7841364192	0.0057034794	0.4510879806	True
c_comp_cor_22	CSF	66.1310154983	0.0055924696	0.4566804502	True
c_comp_cor_23	CSF	64.7959404483	0.0053689436	0.4620493938	True
c_comp_cor_24	CSF	63.4350597524	0.0051457888	0.4671951826	True
c_comp_cor_25	CSF	62.3891624415	0.0049775033	0.4721726859	True
c_comp_cor_26	CSF	61.2907335198	0.0048037775	0.4769764634	True
c_comp_cor_27	CSF	60.3797697148	0.0046620417	0.4816385051	True
c_comp_cor_28	CSF	59.10328248	0.0044670051	0.4861055102	True
c_comp_cor_29	CSF	58.9260280437	0.0044402516	0.4905457618	True
c_comp_cor_30	CSF	57.4182950095	0.0042159343	0.4947616961	True
c_comp_cor_31	CSF	56.8598199728	0.0041343211	0.4988960172	True
c_comp_cor_32	CSF	56.0312879569	0.0040147126	0.5029107298	True
w_comp_cor_00	WM	336.19028477	0.0190532548	0.0190532548	True
w_comp_cor_01	WM	262.1787358855	0.0115876078	0.0306408626	True
w_comp_cor_02	WM	225.1543708806	0.0085459357	0.0391867984	True
w_comp_cor_03	WM	212.4934442627	0.0076118449	0.0467986432	True
w_comp_cor_04	WM	188.956178048	0.0060189544	0.0528175976	True
w_comp_cor_05	WM	178.5218373352	0.0053725635	0.058190161	True
w_comp_cor_06	WM	161.3402137415	0.0043881768	0.0625783378	True
w_comp_cor_07	WM	153.3013593383	0.0039617847	0.0665401225	True
w_comp_cor_08	WM	147.4992754184	0.0036675719	0.0702076944	True
w_comp_cor_09	WM	145.9780843801	0.0035923131	0.0738000074	True
w_comp_cor_10	WM	143.6929485191	0.0034807255	0.0772807329	True
w_comp_cor_11	WM	136.550976302	0.0031433191	0.080424052	True
w_comp_cor_12	WM	130.5616883199	0.0028736268	0.0832976789	True
w_comp_cor_13	WM	126.8945334313	0.0027144677	0.0860121466	True
w_comp_cor_14	WM	125.0524163179	0.0026362284	0.088648375	True
w_comp_cor_15	WM	124.0736343781	0.0025951225	0.0912434975	True
w_comp_cor_16	WM	120.8307525745	0.0024612392	0.0937047367	True
w_comp_cor_17	WM	116.8453941994	0.0023015587	0.0960062954	True
w_comp_cor_18	WM	114.0424006353	0.0021924594	0.0981987548	True
w_comp_cor_19	WM	110.7034510102	0.0020659565	0.1002647113	True
w_comp_cor_20	WM	110.0404376252	0.0020412842	0.1023059955	True
w_comp_cor_21	WM	109.3360141181	0.0020152333	0.1043212288	True
w_comp_cor_22	WM	107.8535719928	0.0019609563	0.1062821851	True
w_comp_cor_23	WM	107.1632997924	0.0019359361	0.1082181212	True
w_comp_cor_24	WM	105.7285136596	0.0018844435	0.1101025647	True
w_comp_cor_25	WM	105.1730202782	0.0018646939	0.1119672586	True
w_comp_cor_26	WM	103.9893074127	0.0018229562	0.1137902148	True
w_comp_cor_27	WM	103.1892090906	0.0017950123	0.115585227	True
w_comp_cor_28	WM	102.528364245	0.0017720947	0.1173573217	True
w_comp_cor_29	WM	100.9198248605	0.001716927	0.1190742487	True
w_comp_cor_30	WM	100.4747994989	0.0017018182	0.1207760669	True
w_comp_cor_31	WM	100.0069773514	0.0016860073	0.1224620742	True
w_comp_cor_32	WM	99.3609352127	0.0016642946	0.1241263688	True
w_comp_cor_33	WM	98.4438824467	0.0016337151	0.1257600839	True
w_comp_cor_34	WM	98.1881745221	0.001625239	0.1273853229	True
w_comp_cor_35	WM	97.7327924669	0.0016101987	0.1289955216	True
w_comp_cor_36	WM	97.1817824327	0.0015920935	0.1305876151	True
w_comp_cor_37	WM	96.9492300934	0.001584483	0.1321720981	True
w_comp_cor_38	WM	96.5454988003	0.0015713138	0.1337434119	True
w_comp_cor_39	WM	96.2461422754	0.0015615846	0.1353049965	True
w_comp_cor_40	WM	95.7902207669	0.0015468251	0.1368518216	True
w_comp_cor_41	WM	95.6492185875	0.0015422746	0.1383940962	True
w_comp_cor_42	WM	95.2169187329	0.0015283651	0.1399224613	True
w_comp_cor_43	WM	94.6640548403	0.0015106681	0.1414331294	True
w_comp_cor_44	WM	94.5106703379	0.0015057766	0.142938906	True
w_comp_cor_45	WM	94.4089527357	0.0015025371	0.1444414431	True
w_comp_cor_46	WM	94.3323504509	0.0015000999	0.145941543	True
w_comp_cor_47	WM	93.9402362487	0.0014876548	0.1474291978	True
w_comp_cor_48	WM	93.5285372662	0.0014746438	0.1489038416	True
w_comp_cor_49	WM	93.2999564691	0.0014674447	0.1503712863	True
w_comp_cor_50	WM	93.1542011049	0.0014628633	0.1518341496	True
w_comp_cor_51	WM	93.1011212842	0.0014611967	0.1532953463	True
w_comp_cor_52	WM	92.8217246073	0.0014524397	0.154747786	True
w_comp_cor_53	WM	92.7968381323	0.001451661	0.1561994471	True
w_comp_cor_54	WM	92.532552654	0.0014434041	0.1576428512	True
w_comp_cor_55	WM	92.3802747096	0.0014386573	0.1590815085	True
w_comp_cor_56	WM	92.2208326257	0.0014336955	0.160515204	True
w_comp_cor_57	WM	92.104657662	0.0014300856	0.1619452897	True
w_comp_cor_58	WM	91.9383997742	0.0014249274	0.1633702171	True
w_comp_cor_59	WM	91.8046097911	0.0014207833	0.1647910003	True
w_comp_cor_60	WM	91.6083733905	0.0014147158	0.1662057161	True
w_comp_cor_61	WM	91.5150075901	0.0014118335	0.1676175497	True
w_comp_cor_62	WM	91.4105886394	0.0014086136	0.1690261633	True
w_comp_cor_63	WM	91.2859425918	0.0014047747	0.1704309379	True
w_comp_cor_64	WM	90.9645766667	0.0013949012	0.1718258392	True
w_comp_cor_65	WM	90.8203690365	0.001390482	0.1732163212	True
w_comp_cor_66	WM	90.6628088703	0.0013856617	0.1746019829	True
w_comp_cor_67	WM	90.5661489	0.0013827086	0.1759846914	True
w_comp_cor_68	WM	90.5059415874	0.0013808708	0.1773655622	True
w_comp_cor_69	WM	90.4631481298	0.0013795653	0.1787451275	True
w_comp_cor_70	WM	90.3317328758	0.00137556	0.1801206875	True
w_comp_cor_71	WM	90.2087676948	0.0013718176	0.1814925051	True
w_comp_cor_72	WM	90.0046637691	0.0013656169	0.182858122	True
w_comp_cor_73	WM	89.8762435953	0.0013617227	0.1842198447	True
w_comp_cor_74	WM	89.7699980846	0.0013585052	0.1855783498	True
w_comp_cor_75	WM	89.7345092122	0.0013574312	0.1869357811	True
w_comp_cor_76	WM	89.6973005537	0.0013563058	0.1882920868	True
w_comp_cor_77	WM	89.6166058137	0.0013538665	0.1896459533	True
w_comp_cor_78	WM	89.5379816856	0.0013514919	0.1909974453	True
w_comp_cor_79	WM	89.3424356204	0.0013455952	0.1923430405	True
w_comp_cor_80	WM	89.2848111423	0.00134386	0.1936869005	True
w_comp_cor_81	WM	89.1328414381	0.0013392892	0.1950261897	True
w_comp_cor_82	WM	88.9990718494	0.0013352722	0.1963614619	True
w_comp_cor_83	WM	88.9559861062	0.0013339797	0.1976954416	True
w_comp_cor_84	WM	88.7883125044	0.0013289556	0.1990243971	True
w_comp_cor_85	WM	88.720334755	0.0013269214	0.2003513185	True
w_comp_cor_86	WM	88.6126443266	0.0013237021	0.2016750206	True
w_comp_cor_87	WM	88.5795665294	0.001322714	0.2029977346	True
w_comp_cor_88	WM	88.5127423241	0.0013207191	0.2043184537	True
w_comp_cor_89	WM	88.347078372	0.0013157799	0.2056342336	True
w_comp_cor_90	WM	88.1850309998	0.0013109575	0.2069451911	True
w_comp_cor_91	WM	88.145012554	0.0013097679	0.208254959	True
w_comp_cor_92	WM	88.0721138737	0.0013076024	0.2095625613	True
w_comp_cor_93	WM	87.9932195443	0.0013052607	0.2108678221	True
w_comp_cor_94	WM	87.9003825817	0.001302508	0.21217033	True
w_comp_cor_95	WM	87.8287610153	0.0013003863	0.2134707163	True
w_comp_cor_96	WM	87.7377534408	0.0012976927	0.214768409	True
w_comp_cor_97	WM	87.5492328509	0.0012921221	0.2160605311	True
w_comp_cor_98	WM	87.4848310047	0.0012902218	0.2173507529	True
w_comp_cor_99	WM	87.4017000394	0.0012877709	0.2186385238	True
w_comp_cor_100	WM	87.2994773286	0.0012847604	0.2199232843	True
w_comp_cor_101	WM	87.2607440906	0.0012836206	0.2212069049	True
w_comp_cor_102	WM	87.1453701465	0.0012802285	0.2224871334	True
w_comp_cor_103	WM	87.0637009357	0.0012778301	0.2237649635	True
w_comp_cor_104	WM	86.9450301754	0.001274349	0.2250393125	True
w_comp_cor_105	WM	86.8403258723	0.0012712816	0.226310594	True
w_comp_cor_106	WM	86.717138175	0.0012676774	0.2275782714	True
w_comp_cor_107	WM	86.6879612947	0.0012668244	0.2288450958	True
w_comp_cor_108	WM	86.6021274838	0.001264317	0.2301094128	True
w_comp_cor_109	WM	86.5151123529	0.0012617776	0.2313711904	True
w_comp_cor_110	WM	86.3669994406	0.001257461	0.2326286514	True
w_comp_cor_111	WM	86.3635392616	0.0012573602	0.2338860116	True
w_comp_cor_112	WM	86.2858240326	0.0012550984	0.23514111	True
w_comp_cor_113	WM	86.2482977879	0.0012540069	0.2363951169	True
w_comp_cor_114	WM	86.0965853408	0.0012495991	0.237644716	True
w_comp_cor_115	WM	86.0502771052	0.0012482553	0.2388929713	True
w_comp_cor_116	WM	85.9277728186	0.0012447037	0.2401376749	True
w_comp_cor_117	WM	85.8984873887	0.0012438554	0.2413815303	True
w_comp_cor_118	WM	85.6847013864	0.0012376716	0.2426192019	True
w_comp_cor_119	WM	85.65504022	0.0012368149	0.2438560168	True
w_comp_cor_120	WM	85.5970602251	0.0012351411	0.2450911579	True
w_comp_cor_121	WM	85.5703560008	0.0012343705	0.2463255284	True
w_comp_cor_122	WM	85.4530126894	0.0012309874	0.2475565158	True
w_comp_cor_123	WM	85.3563864616	0.0012282051	0.2487847209	True
w_comp_cor_124	WM	85.2564475387	0.0012253307	0.2500100516	True
w_comp_cor_125	WM	85.2321236464	0.0012246316	0.2512346833	True
w_comp_cor_126	WM	85.1462033859	0.0012221638	0.2524568471	True
w_comp_cor_127	WM	85.0729648256	0.0012200623	0.2536769094	True
w_comp_cor_128	WM	84.9806095523	0.0012174147	0.2548943241	True
w_comp_cor_129	WM	84.8703731629	0.0012142583	0.2561085824	True
w_comp_cor_130	WM	84.8306152989	0.0012131209	0.2573217033	True
w_comp_cor_131	WM	84.6860322623	0.0012089892	0.2585306925	True
w_comp_cor_132	WM	84.6329219466	0.0012074733	0.2597381658	True
w_comp_cor_133	WM	84.614290698	0.0012069417	0.2609451075	True
w_comp_cor_134	WM	84.4410271549	0.0012020039	0.2621471114	True
w_comp_cor_135	WM	84.387175069	0.0012004712	0.2633475826	True
w_comp_cor_136	WM	84.326910164	0.0011987572	0.2645463398	True
w_comp_cor_137	WM	84.2265401441	0.0011959053	0.2657422451	True
w_comp_cor_138	WM	84.1734788129	0.0011943989	0.266936644	True
w_comp_cor_139	WM	84.1469210904	0.0011936454	0.2681302894	True
w_comp_cor_140	WM	84.0457273959	0.0011907762	0.2693210656	True
w_comp_cor_141	WM	83.9280941139	0.0011874452	0.2705085108	True
w_comp_cor_142	WM	83.8765251231	0.0011859864	0.2716944972	True
w_comp_cor_143	WM	83.8038256611	0.0011839314	0.2728784286	True
w_comp_cor_144	WM	83.7765557923	0.001183161	0.2740615897	True
w_comp_cor_145	WM	83.6733203322	0.0011802469	0.2752418366	True
w_comp_cor_146	WM	83.5957615993	0.0011780599	0.2764198965	True
w_comp_cor_147	WM	83.5129523074	0.0011757271	0.2775956236	True
w_comp_cor_148	WM	83.4671279991	0.0011744372	0.2787700608	True
w_comp_cor_149	WM	83.4078104185	0.0011727685	0.2799428293	True
w_comp_cor_150	WM	83.39175763	0.0011723171	0.2811151464	True
w_comp_cor_151	WM	83.2467053118	0.0011682424	0.2822833888	True
w_comp_cor_152	WM	83.221185234	0.0011675262	0.2834509151	True
w_comp_cor_153	WM	83.1499252059	0.0011655277	0.2846164427	True
w_comp_cor_154	WM	83.0400552945	0.0011624496	0.2857788923	True
w_comp_cor_155	WM	82.9464713187	0.0011598309	0.2869387232	True
w_comp_cor_156	WM	82.8907294184	0.0011582726	0.2880969958	True
w_comp_cor_157	WM	82.7806030032	0.0011551969	0.2892521928	True
w_comp_cor_158	WM	82.71547396	0.0011533799	0.2904055727	True
w_comp_cor_159	WM	82.6802671667	0.0011523983	0.291557971	True
w_comp_cor_160	WM	82.6175278093	0.00115065	0.292708621	True
w_comp_cor_161	WM	82.5623346615	0.0011491131	0.2938577341	True
w_comp_cor_162	WM	82.532847173	0.0011482925	0.2950060266	True
w_comp_cor_163	WM	82.4936638055	0.0011472024	0.2961532289	True
w_comp_cor_164	WM	82.3820737325	0.0011441008	0.2972973298	True
w_comp_cor_165	WM	82.3134035501	0.0011421943	0.298439524	True
w_comp_cor_166	WM	82.2636473317	0.0011408138	0.2995803379	True
w_comp_cor_167	WM	82.2014717796	0.00113909	0.3007194279	True
w_comp_cor_168	WM	82.1275220896	0.0011370415	0.3018564693	True
w_comp_cor_169	WM	82.0438970376	0.0011347271	0.3029911964	True
w_comp_cor_170	WM	81.9749107893	0.0011328196	0.304124016	True
w_comp_cor_171	WM	81.9264996504	0.001131482	0.3052554981	True
w_comp_cor_172	WM	81.8600162659	0.0011296464	0.3063851444	True
w_comp_cor_173	WM	81.7966147228	0.0011278972	0.3075130416	True
w_comp_cor_174	WM	81.7443974251	0.0011264576	0.3086394992	True
w_comp_cor_175	WM	81.607250182	0.0011226809	0.3097621802	True
w_comp_cor_176	WM	81.5824195102	0.0011219978	0.310884178	True
w_comp_cor_177	WM	81.5294059144	0.0011205401	0.3120047181	True
w_comp_cor_178	WM	81.4935859272	0.0011195557	0.3131242739	True
w_comp_cor_179	WM	81.418531042	0.0011174945	0.3142417683	True
w_comp_cor_180	WM	81.3812024673	0.00111647	0.3153582383	True
w_comp_cor_181	WM	81.2776014022	0.0011136292	0.3164718675	True
w_comp_cor_182	WM	81.2669535945	0.0011133374	0.317585205	True
w_comp_cor_183	WM	81.1584451983	0.0011103664	0.3186955714	True
w_comp_cor_184	WM	81.0933170159	0.001108585	0.3198041563	True
w_comp_cor_185	WM	81.0292769297	0.0011068347	0.3209109911	True
w_comp_cor_186	WM	80.9665180456	0.0011051209	0.3220161119	True
w_comp_cor_187	WM	80.8705401913	0.0011025024	0.3231186144	True
w_comp_cor_188	WM	80.8180869311	0.0011010727	0.324219687	True
w_comp_cor_189	WM	80.7897123028	0.0011002997	0.3253199867	True
w_comp_cor_190	WM	80.6634808371	0.001096864	0.3264168507	True
w_comp_cor_191	WM	80.6568517905	0.0010966837	0.3275135344	True
w_comp_cor_192	WM	80.6049743238	0.0010952734	0.3286088078	True
w_comp_cor_193	WM	80.5434773249	0.0010936028	0.3297024106	True
w_comp_cor_194	WM	80.4286654864	0.0010904872	0.3307928978	True
w_comp_cor_195	WM	80.3302878282	0.0010878212	0.331880719	True
w_comp_cor_196	WM	80.3237383909	0.0010876438	0.3329683628	True
w_comp_cor_197	WM	80.2793402532	0.0010864418	0.3340548045	True
w_comp_cor_198	WM	80.2049921591	0.0010844303	0.3351392349	True
w_comp_cor_199	WM	80.0746554795	0.0010809087	0.3362201436	True
w_comp_cor_200	WM	80.040102231	0.0010799761	0.3373001196	True
w_comp_cor_201	WM	80.0059497645	0.0010790546	0.3383791742	True
w_comp_cor_202	WM	79.9545568479	0.0010776688	0.339456843	True
w_comp_cor_203	WM	79.8963801675	0.0010761011	0.3405329441	True
w_comp_cor_204	WM	79.8492521539	0.0010748319	0.341607776	True
w_comp_cor_205	WM	79.7717295656	0.0010727459	0.342680522	True
w_comp_cor_206	WM	79.7444045501	0.0010720111	0.3437525331	True
w_comp_cor_207	WM	79.6095281069	0.0010683879	0.344820921	True
w_comp_cor_208	WM	79.5451483946	0.0010666606	0.3458875816	True
w_comp_cor_209	WM	79.522504825	0.0010660534	0.346953635	True
w_comp_cor_210	WM	79.4109453666	0.0010630644	0.3480166994	True
w_comp_cor_211	WM	79.3597516659	0.0010616942	0.3490783936	True
w_comp_cor_212	WM	79.3331631936	0.0010609829	0.3501393766	True
w_comp_cor_213	WM	79.2318959312	0.001058276	0.3511976526	True
w_comp_cor_214	WM	79.1628503611	0.0010564324	0.352254085	True
w_comp_cor_215	WM	79.1363207809	0.0010557244	0.3533098094	True
w_comp_cor_216	WM	79.0598767853	0.0010536858	0.3543634952	True
w_comp_cor_217	WM	79.0018726967	0.0010521402	0.3554156354	True
w_comp_cor_218	WM	78.9286821291	0.0010501916	0.3564658271	True
w_comp_cor_219	WM	78.8507194174	0.001048118	0.3575139451	True
w_comp_cor_220	WM	78.835576652	0.0010477155	0.3585616605	True
w_comp_cor_221	WM	78.7589907387	0.0010456808	0.3596073414	True
w_comp_cor_222	WM	78.704561562	0.001044236	0.3606515774	True
w_comp_cor_223	WM	78.6570020999	0.0010429744	0.3616945517	True
w_comp_cor_224	WM	78.5654813942	0.0010405487	0.3627351004	True
w_comp_cor_225	WM	78.5028538754	0.0010388904	0.3637739909	True
w_comp_cor_226	WM	78.4024210766	0.0010362339	0.3648102248	True
w_comp_cor_227	WM	78.3807488802	0.0010356611	0.3658458859	True
w_comp_cor_228	WM	78.3550114534	0.0010349811	0.366880867	True
w_comp_cor_229	WM	78.3289302706	0.0010342922	0.3679151592	True
w_comp_cor_230	WM	78.2471830398	0.0010321345	0.3689472937	True
w_comp_cor_231	WM	78.188098788	0.0010305763	0.36997787	True
w_comp_cor_232	WM	78.1634302998	0.0010299261	0.3710077961	True
w_comp_cor_233	WM	78.1514732908	0.0010296111	0.3720374072	True
w_comp_cor_234	WM	78.0429276477	0.001026753	0.3730641602	True
w_comp_cor_235	WM	78.0188318895	0.001026119	0.3740902792	True
w_comp_cor_236	WM	77.9549774407	0.0010244401	0.3751147193	True
w_comp_cor_237	WM	77.9118060008	0.0010233057	0.376138025	True
w_comp_cor_238	WM	77.8321709702	0.0010212149	0.3771592399	True
w_comp_cor_239	WM	77.7730530819	0.0010196642	0.3781789041	True
w_comp_cor_240	WM	77.6757890752	0.0010171153	0.3791960194	True
w_comp_cor_241	WM	77.6116327725	0.0010154359	0.3802114553	True
w_comp_cor_242	WM	77.5943079795	0.0010149826	0.3812264378	True
w_comp_cor_243	WM	77.4369313268	0.0010108696	0.3822373074	True
w_comp_cor_244	WM	77.4088368361	0.0010101362	0.3832474436	True
w_comp_cor_245	WM	77.3002121154	0.0010073032	0.3842547469	True
w_comp_cor_246	WM	77.2817175504	0.0010068213	0.3852615681	True
w_comp_cor_247	WM	77.2215803653	0.001005255	0.3862668231	True
w_comp_cor_248	WM	77.1938021742	0.0010045319	0.387271355	True
w_comp_cor_249	WM	77.1324647666	0.0010029361	0.3882742911	True
w_comp_cor_250	WM	77.1238411926	0.0010027119	0.389277003	True
w_comp_cor_251	WM	77.0679493437	0.0010012591	0.3902782621	True
w_comp_cor_252	WM	77.0123657993	0.0009998153	0.3912780774	True
w_comp_cor_253	WM	76.967410336	0.0009986484	0.3922767258	True
w_comp_cor_254	WM	76.8591694761	0.0009958415	0.3932725673	True
w_comp_cor_255	WM	76.8367337996	0.0009952602	0.3942678275	True
w_comp_cor_256	WM	76.7616839026	0.0009933169	0.3952611445	True
w_comp_cor_257	WM	76.6807948586	0.0009912246	0.3962523691	True
w_comp_cor_258	WM	76.6279908594	0.0009898599	0.397242229	True
w_comp_cor_259	WM	76.586977403	0.0009888006	0.3982310296	True
w_comp_cor_260	WM	76.548044248	0.0009877955	0.3992188251	True
w_comp_cor_261	WM	76.4902654118	0.0009863049	0.40020513	True
w_comp_cor_262	WM	76.4484660661	0.0009852272	0.4011903572	True
w_comp_cor_263	WM	76.3495878876	0.0009826803	0.4021730376	True
w_comp_cor_264	WM	76.2641132258	0.0009804813	0.4031535188	True
w_comp_cor_265	WM	76.2470247732	0.0009800419	0.4041335608	True
w_comp_cor_266	WM	76.1976203077	0.0009787723	0.4051123331	True
w_comp_cor_267	WM	76.1441079951	0.000977398	0.4060897311	True
w_comp_cor_268	WM	76.0935946514	0.0009761017	0.4070658328	True
w_comp_cor_269	WM	76.0515432169	0.0009750231	0.4080408559	True
w_comp_cor_270	WM	76.0434734062	0.0009748162	0.4090156722	True
w_comp_cor_271	WM	75.9640986836	0.0009727822	0.4099884544	True
w_comp_cor_272	WM	75.9367572709	0.0009720821	0.4109605365	True
w_comp_cor_273	WM	75.8458195636	0.0009697553	0.4119302918	True
w_comp_cor_274	WM	75.7807381341	0.0009680918	0.4128983836	True
w_comp_cor_275	WM	75.6971574074	0.0009659575	0.413864341	True
w_comp_cor_276	WM	75.647338278	0.0009646864	0.4148290274	True
w_comp_cor_277	WM	75.6149235378	0.0009638599	0.4157928873	True
w_comp_cor_278	WM	75.5307631395	0.0009617155	0.4167546028	True
w_comp_cor_279	WM	75.4371166672	0.0009593322	0.417713935	True
w_comp_cor_280	WM	75.4077937639	0.0009585865	0.4186725215	True
w_comp_cor_281	WM	75.3802203959	0.0009578856	0.4196304071	True
w_comp_cor_282	WM	75.3325524356	0.0009566746	0.4205870817	True
w_comp_cor_283	WM	75.2034447721	0.0009533982	0.4215404799	True
w_comp_cor_284	WM	75.189558067	0.0009530461	0.422493526	True
w_comp_cor_285	WM	75.1525208202	0.0009521074	0.4234456335	True
w_comp_cor_286	WM	75.1232314852	0.0009513655	0.4243969989	True
w_comp_cor_287	WM	75.0216143047	0.0009487934	0.4253457924	True
w_comp_cor_288	WM	75.0034619073	0.0009483343	0.4262941267	True
w_comp_cor_289	WM	74.9772842199	0.0009476725	0.4272417992	True
w_comp_cor_290	WM	74.8928477424	0.0009455392	0.4281873384	True
w_comp_cor_291	WM	74.8286791353	0.0009439196	0.429131258	True
w_comp_cor_292	WM	74.7799322143	0.0009426902	0.4300739482	True
w_comp_cor_293	WM	74.7301242286	0.0009414348	0.4310153831	True
w_comp_cor_294	WM	74.6656127336	0.0009398101	0.4319551932	True
w_comp_cor_295	WM	74.6575731523	0.0009396078	0.4328948009	True
w_comp_cor_296	WM	74.5734314686	0.000937491	0.433832292	True
w_comp_cor_297	WM	74.5060284319	0.0009357971	0.434768089	True
w_comp_cor_298	WM	74.4939867669	0.0009354946	0.4357035837	True
w_comp_cor_299	WM	74.4353655718	0.0009340229	0.4366376065	True
w_comp_cor_300	WM	74.4241748283	0.000933742	0.4375713486	True
w_comp_cor_301	WM	74.3383639366	0.0009315901	0.4385029386	True
w_comp_cor_302	WM	74.2959250954	0.0009305267	0.4394334654	True
w_comp_cor_303	WM	74.2001676999	0.0009281296	0.440361595	True
w_comp_cor_304	WM	74.165404554	0.0009272602	0.4412888551	True
w_comp_cor_305	WM	74.104321707	0.0009257334	0.4422145885	True
w_comp_cor_306	WM	74.0873265341	0.0009253088	0.4431398974	True
w_comp_cor_307	WM	74.0557977934	0.0009245214	0.4440644188	True
w_comp_cor_308	WM	73.9760547274	0.0009225315	0.4449869503	True
w_comp_cor_309	WM	73.9646973315	0.0009222482	0.4459091985	True
w_comp_cor_310	WM	73.8373423173	0.000919075	0.4468282735	True
w_comp_cor_311	WM	73.8077189601	0.0009183377	0.4477466112	True
w_comp_cor_312	WM	73.7358468853	0.0009165501	0.4486631613	True
w_comp_cor_313	WM	73.6651708889	0.0009147939	0.4495779552	True
w_comp_cor_314	WM	73.6046223285	0.0009132907	0.4504912459	True
w_comp_cor_315	WM	73.5674481765	0.0009123684	0.4514036143	True
w_comp_cor_316	WM	73.4629428216	0.0009097781	0.4523133925	True
w_comp_cor_317	WM	73.4180806073	0.0009086673	0.4532220598	True
w_comp_cor_318	WM	73.3874288093	0.0009079088	0.4541299686	True
w_comp_cor_319	WM	73.3069416428	0.0009059184	0.4550358869	True
w_comp_cor_320	WM	73.2718721921	0.0009050518	0.4559409387	True
w_comp_cor_321	WM	73.2432583212	0.0009043451	0.4568452838	True
w_comp_cor_322	WM	73.2095240547	0.0009035122	0.457748796	True
w_comp_cor_323	WM	73.1760111859	0.0009026852	0.4586514812	True
w_comp_cor_324	WM	73.1341260413	0.0009016521	0.4595531333	True
w_comp_cor_325	WM	73.0372633716	0.0008992653	0.4604523986	True
w_comp_cor_326	WM	73.0004288189	0.0008983585	0.4613507571	True
w_comp_cor_327	WM	72.9332989719	0.000896707	0.4622474641	True
w_comp_cor_328	WM	72.8988395892	0.0008958599	0.463143324	True
w_comp_cor_329	WM	72.861066577	0.0008949317	0.4640382558	True
w_comp_cor_330	WM	72.8255704532	0.00089406	0.4649323157	True
w_comp_cor_331	WM	72.8198795093	0.0008939202	0.465826236	True
w_comp_cor_332	WM	72.7155781145	0.0008913613	0.4667175973	True
w_comp_cor_333	WM	72.7016517442	0.0008910199	0.4676086172	True
w_comp_cor_334	WM	72.6275307777	0.000889204	0.4684978212	True
w_comp_cor_335	WM	72.5760789883	0.0008879446	0.4693857658	True
w_comp_cor_336	WM	72.4828533818	0.0008856649	0.4702714307	True
w_comp_cor_337	WM	72.4696372443	0.0008853419	0.4711567726	True
w_comp_cor_338	WM	72.4085815431	0.0008838508	0.4720406233	True
w_comp_cor_339	WM	72.3829659298	0.0008832255	0.4729238489	True
w_comp_cor_340	WM	72.2883108151	0.000880917	0.4738047659	True
w_comp_cor_341	WM	72.2446848797	0.0008798541	0.47468462	True
w_comp_cor_342	WM	72.2252006979	0.0008793796	0.4755639996	True
w_comp_cor_343	WM	72.197341759	0.0008787013	0.4764427009	True
w_comp_cor_344	WM	72.1455532951	0.0008774411	0.477320142	True
w_comp_cor_345	WM	72.0836163825	0.0008759352	0.4781960772	True
w_comp_cor_346	WM	72.0299919404	0.0008746325	0.4790707097	True
w_comp_cor_347	WM	71.988229177	0.0008736185	0.4799443282	True
w_comp_cor_348	WM	71.9070458366	0.0008716492	0.4808159775	True
w_comp_cor_349	WM	71.8641705648	0.0008706101	0.4816865875	True
w_comp_cor_350	WM	71.8129403932	0.0008693693	0.4825559568	True
w_comp_cor_351	WM	71.7738322142	0.0008684226	0.4834243794	True
w_comp_cor_352	WM	71.7317035223	0.0008674035	0.4842917829	True
w_comp_cor_353	WM	71.6596008176	0.0008656606	0.4851574434	True
w_comp_cor_354	WM	71.6443005951	0.0008652909	0.4860227344	True
w_comp_cor_355	WM	71.5696483049	0.0008634886	0.486886223	True
w_comp_cor_356	WM	71.5408629556	0.0008627942	0.4877490172	True
w_comp_cor_357	WM	71.4793902631	0.0008613121	0.4886103292	True
w_comp_cor_358	WM	71.4569456957	0.0008607713	0.4894711005	True
w_comp_cor_359	WM	71.3188562741	0.0008574476	0.4903285481	True
w_comp_cor_360	WM	71.2790931708	0.0008564918	0.4911850399	True
w_comp_cor_361	WM	71.2668802579	0.0008561983	0.4920412382	True
w_comp_cor_362	WM	71.2546962796	0.0008559056	0.4928971437	True
w_comp_cor_363	WM	71.1415316806	0.0008531891	0.4937503328	True
w_comp_cor_364	WM	71.1334617976	0.0008529955	0.4946033283	True
w_comp_cor_365	WM	71.0496906592	0.0008509876	0.4954543159	True
w_comp_cor_366	WM	71.0196346756	0.0008502678	0.4963045837	True
w_comp_cor_367	WM	70.9931132373	0.0008496329	0.4971542166	True
w_comp_cor_368	WM	70.9441857501	0.0008484622	0.4980026787	True
w_comp_cor_369	WM	70.8908019256	0.0008471857	0.4988498644	True
w_comp_cor_370	WM	70.85454727	0.0008463194	0.4996961839	True
w_comp_cor_371	WM	70.806096641	0.0008451624	0.5005413463	True
a_comp_cor_00	combined	404.396182091	0.0197221746	0.0197221746	True
a_comp_cor_01	combined	397.8604148737	0.0190898347	0.0388120094	True
a_comp_cor_02	combined	306.916582602	0.0113600806	0.05017209	True
a_comp_cor_03	combined	297.3548843253	0.0106632811	0.0608353712	True
a_comp_cor_04	combined	269.8415786925	0.0087812925	0.0696166637	True
a_comp_cor_05	combined	263.2788810973	0.0083593547	0.0779760184	True
a_comp_cor_06	combined	236.9976091971	0.0067737418	0.0847497602	True
a_comp_cor_07	combined	198.4714638058	0.004750473	0.0895002331	True
a_comp_cor_08	combined	195.3994327228	0.0046045512	0.0941047843	True
a_comp_cor_09	combined	184.7401247956	0.0041158844	0.0982206687	True
a_comp_cor_10	combined	177.8437722736	0.0038143279	0.1020349967	True
a_comp_cor_11	combined	176.1281686115	0.0037410916	0.1057760883	True
a_comp_cor_12	combined	169.8484450994	0.0034790755	0.1092551639	True
a_comp_cor_13	combined	163.4160097942	0.003220549	0.1124757128	True
a_comp_cor_14	combined	162.0607663899	0.0031673531	0.115643066	True
a_comp_cor_15	combined	160.3475625003	0.0031007406	0.1187438065	True
a_comp_cor_16	combined	156.6393395595	0.0029589825	0.121702789	True
a_comp_cor_17	combined	147.9391844556	0.0026394118	0.1243422008	True
a_comp_cor_18	combined	146.6007520043	0.0025918693	0.1269340701	True
a_comp_cor_19	combined	143.1121835805	0.0024699828	0.1294040529	True
a_comp_cor_20	combined	139.6009769883	0.0023502693	0.1317543221	True
a_comp_cor_21	combined	134.843550868	0.0021928103	0.1339471325	True
a_comp_cor_22	combined	132.0543350515	0.0021030327	0.1360501652	True
a_comp_cor_23	combined	128.7695553055	0.0019997104	0.1380498756	True
a_comp_cor_24	combined	127.8837723763	0.0019722937	0.1400221692	True
a_comp_cor_25	combined	125.0427829445	0.0018856365	0.1419078057	True
a_comp_cor_26	combined	124.1774379906	0.0018596281	0.1437674338	True
a_comp_cor_27	combined	122.0121867636	0.0017953417	0.1455627755	True
a_comp_cor_28	combined	120.5375837828	0.001752208	0.1473149836	True
a_comp_cor_29	combined	119.0957960389	0.0017105413	0.1490255249	True
a_comp_cor_30	combined	118.6861580693	0.0016987945	0.1507243194	True
a_comp_cor_31	combined	118.1669412043	0.0016839636	0.152408283	True
a_comp_cor_32	combined	116.6368039533	0.0016406348	0.1540489178	True
a_comp_cor_33	combined	116.2782565378	0.0016305635	0.1556794814	True
a_comp_cor_34	combined	115.3079950991	0.0016034652	0.1572829466	True
a_comp_cor_35	combined	114.4862075864	0.0015806912	0.1588636378	True
a_comp_cor_36	combined	113.032906047	0.001540815	0.1604044528	True
a_comp_cor_37	combined	112.5053632533	0.0015264661	0.1619309189	True
a_comp_cor_38	combined	111.9823910396	0.0015123078	0.1634432267	True
a_comp_cor_39	combined	111.1186674319	0.0014890688	0.1649322954	True
a_comp_cor_40	combined	110.8271220644	0.0014812652	0.1664135606	True
a_comp_cor_41	combined	108.9174496632	0.0014306574	0.167844218	True
a_comp_cor_42	combined	108.4460402575	0.0014183	0.169262518	True
a_comp_cor_43	combined	107.4285348331	0.0013918102	0.1706543282	True
a_comp_cor_44	combined	107.3224305322	0.0013890622	0.1720433904	True
a_comp_cor_45	combined	106.8167982159	0.0013760044	0.1734193948	True
a_comp_cor_46	combined	106.4128881498	0.0013656178	0.1747850126	True
a_comp_cor_47	combined	106.1929223529	0.0013599779	0.1761449905	True
a_comp_cor_48	combined	105.8894327506	0.0013522156	0.1774972061	True
a_comp_cor_49	combined	104.9646108727	0.0013286987	0.1788259048	True
a_comp_cor_50	combined	104.5448092382	0.0013180918	0.1801439966	True
a_comp_cor_51	combined	104.2326986735	0.0013102334	0.18145423	True
a_comp_cor_52	combined	103.7362159887	0.0012977813	0.1827520113	True
a_comp_cor_53	combined	103.4976339112	0.0012918186	0.18404383	True
a_comp_cor_54	combined	103.1182864532	0.0012823663	0.1853261962	True
a_comp_cor_55	combined	102.8131784147	0.0012747889	0.1866009851	True
a_comp_cor_56	combined	102.576418748	0.0012689245	0.1878699096	True
a_comp_cor_57	combined	102.5058891214	0.0012671801	0.1891370897	True
a_comp_cor_58	combined	102.1878501067	0.0012593291	0.1903964188	True
a_comp_cor_59	combined	102.0642409248	0.0012562843	0.1916527031	True
a_comp_cor_60	combined	101.8960617679	0.0012521475	0.1929048506	True
a_comp_cor_61	combined	101.7975756985	0.0012497282	0.1941545788	True
a_comp_cor_62	combined	101.4953946359	0.0012423197	0.1953968985	True
a_comp_cor_63	combined	101.1459315924	0.0012337795	0.196630678	True
a_comp_cor_64	combined	100.979296692	0.0012297176	0.1978603956	True
a_comp_cor_65	combined	100.5884560903	0.0012202168	0.1990806124	True
a_comp_cor_66	combined	100.5506780842	0.0012193004	0.2002999128	True
a_comp_cor_67	combined	100.3586872924	0.0012146486	0.2015145614	True
a_comp_cor_68	combined	100.0619718154	0.0012074769	0.2027220383	True
a_comp_cor_69	combined	99.9786727882	0.0012054673	0.2039275056	True
a_comp_cor_70	combined	99.8159295664	0.001201546	0.2051290516	True
a_comp_cor_71	combined	99.6417999415	0.0011973575	0.2063264091	True
a_comp_cor_72	combined	99.5615256666	0.001195429	0.2075218381	True
a_comp_cor_73	combined	99.4449581759	0.0011926314	0.2087144695	True
a_comp_cor_74	combined	99.2616221576	0.001188238	0.2099027076	True
a_comp_cor_75	combined	99.1285855197	0.001185055	0.2110877626	True
a_comp_cor_76	combined	98.849017725	0.0011783802	0.2122661428	True
a_comp_cor_77	combined	98.7626825002	0.0011763227	0.2134424654	True
a_comp_cor_78	combined	98.726085511	0.001175451	0.2146179165	True
a_comp_cor_79	combined	98.5674892133	0.0011716775	0.215789594	True
a_comp_cor_80	combined	98.4993184888	0.0011700574	0.2169596513	True
a_comp_cor_81	combined	98.1793092153	0.001162467	0.2181221184	True
a_comp_cor_82	combined	98.0814581713	0.001160151	0.2192822694	True
a_comp_cor_83	combined	98.0168330082	0.0011586227	0.2204408922	True
a_comp_cor_84	combined	97.9329497569	0.0011566405	0.2215975326	True
a_comp_cor_85	combined	97.7557664842	0.001152459	0.2227499916	True
a_comp_cor_86	combined	97.6967379706	0.0011510676	0.2239010592	True
a_comp_cor_87	combined	97.5149535356	0.001146788	0.2250478472	True
a_comp_cor_88	combined	97.493488102	0.0011462832	0.2261941304	True
a_comp_cor_89	combined	97.4400022216	0.0011450258	0.2273391562	True
a_comp_cor_90	combined	97.2532272074	0.0011406404	0.2284797966	True
a_comp_cor_91	combined	97.2068948093	0.0011395538	0.2296193504	True
a_comp_cor_92	combined	97.1114858869	0.001137318	0.2307566684	True
a_comp_cor_93	combined	96.881200602	0.0011319304	0.2318885988	True
a_comp_cor_94	combined	96.7975864963	0.0011299774	0.2330185763	True
a_comp_cor_95	combined	96.7525704456	0.0011289267	0.2341475029	True
a_comp_cor_96	combined	96.6940081464	0.0011275604	0.2352750634	True
a_comp_cor_97	combined	96.6321161851	0.0011261174	0.2364011808	True
a_comp_cor_98	combined	96.4610423107	0.0011221337	0.2375233145	True
a_comp_cor_99	combined	96.3972972541	0.0011206511	0.2386439656	True
a_comp_cor_100	combined	96.1992252909	0.0011160505	0.2397600161	True
a_comp_cor_101	combined	96.1363959664	0.0011145932	0.2408746093	True
a_comp_cor_102	combined	95.9681504477	0.0011106954	0.2419853047	True
a_comp_cor_103	combined	95.862758497	0.0011082572	0.2430935619	True
a_comp_cor_104	combined	95.8207522973	0.0011072861	0.244200848	True
a_comp_cor_105	combined	95.7382172866	0.0011053794	0.2453062274	True
a_comp_cor_106	combined	95.5639189953	0.0011013583	0.2464075857	True
a_comp_cor_107	combined	95.4852215282	0.001099545	0.2475071307	True
a_comp_cor_108	combined	95.4176374679	0.0010979891	0.2486051198	True
a_comp_cor_109	combined	95.2940550471	0.0010951468	0.2497002666	True
a_comp_cor_110	combined	95.2804474225	0.001094834	0.2507951006	True
a_comp_cor_111	combined	95.1409319433	0.0010916301	0.2518867307	True
a_comp_cor_112	combined	95.0995104098	0.0010906798	0.2529774105	True
a_comp_cor_113	combined	94.9872902112	0.0010881072	0.2540655177	True
a_comp_cor_114	combined	94.9077626179	0.001086286	0.2551518037	True
a_comp_cor_115	combined	94.7699815704	0.0010831343	0.256234938	True
a_comp_cor_116	combined	94.590323779	0.0010790315	0.2573139695	True
a_comp_cor_117	combined	94.5193969566	0.0010774139	0.2583913835	True
a_comp_cor_118	combined	94.4109477478	0.001074943	0.2594663264	True
a_comp_cor_119	combined	94.3412688004	0.0010733568	0.2605396833	True
a_comp_cor_120	combined	94.3106350767	0.0010726599	0.2616123432	True
a_comp_cor_121	combined	94.2723090051	0.0010717883	0.2626841314	True
a_comp_cor_122	combined	94.1630961669	0.0010693064	0.2637534378	True
a_comp_cor_123	combined	94.0517661082	0.0010667794	0.2648202172	True
a_comp_cor_124	combined	94.0322353611	0.0010663364	0.2658865536	True
a_comp_cor_125	combined	93.9287393243	0.0010639904	0.266950544	True
a_comp_cor_126	combined	93.8512597476	0.0010622358	0.2680127797	True
a_comp_cor_127	combined	93.8385273936	0.0010619476	0.2690747273	True
a_comp_cor_128	combined	93.7099301998	0.001059039	0.2701337663	True
a_comp_cor_129	combined	93.5497160278	0.0010554208	0.2711891871	True
a_comp_cor_130	combined	93.532329214	0.0010550285	0.2722442156	True
a_comp_cor_131	combined	93.4296156403	0.0010527126	0.2732969282	True
a_comp_cor_132	combined	93.4194396672	0.0010524833	0.2743494115	True
a_comp_cor_133	combined	93.2233526854	0.0010480696	0.2753974812	True
a_comp_cor_134	combined	93.10446547	0.0010453982	0.2764428793	True
a_comp_cor_135	combined	93.0719888162	0.001044669	0.2774875483	True
a_comp_cor_136	combined	92.9795014479	0.0010425938	0.2785301421	True
a_comp_cor_137	combined	92.9453027293	0.001041827	0.2795719691	True
a_comp_cor_138	combined	92.8244512388	0.0010391195	0.2806110886	True
a_comp_cor_139	combined	92.7982064709	0.001038532	0.2816496205	True
a_comp_cor_140	combined	92.7133824643	0.0010366343	0.2826862548	True
a_comp_cor_141	combined	92.6617344354	0.0010354796	0.2837217344	True
a_comp_cor_142	combined	92.5847091383	0.0010337588	0.2847554933	True
a_comp_cor_143	combined	92.4857480302	0.0010315501	0.2857870434	True
a_comp_cor_144	combined	92.4353553019	0.0010304263	0.2868174697	True
a_comp_cor_145	combined	92.3306797322	0.0010280939	0.2878455636	True
a_comp_cor_146	combined	92.233405257	0.0010259287	0.2888714923	True
a_comp_cor_147	combined	92.2015309969	0.0010252198	0.2898967121	True
a_comp_cor_148	combined	92.1053043667	0.0010230809	0.290919793	True
a_comp_cor_149	combined	91.9929702355	0.0010205869	0.2919403799	True
a_comp_cor_150	combined	91.9522688772	0.001019684	0.2929600639	True
a_comp_cor_151	combined	91.8593294081	0.0010176238	0.2939776877	True
a_comp_cor_152	combined	91.7994484083	0.0010162975	0.2949939852	True
a_comp_cor_153	combined	91.7195990767	0.0010145303	0.2960085154	True
a_comp_cor_154	combined	91.6503127728	0.0010129981	0.2970215135	True
a_comp_cor_155	combined	91.5726724875	0.0010112825	0.298032796	True
a_comp_cor_156	combined	91.4952475283	0.0010095731	0.2990423691	True
a_comp_cor_157	combined	91.4667388119	0.0010089441	0.3000513132	True
a_comp_cor_158	combined	91.4020385946	0.0010075172	0.3010588304	True
a_comp_cor_159	combined	91.1984912959	0.0010030348	0.3020618652	True
a_comp_cor_160	combined	91.148562945	0.0010019369	0.3030638021	True
a_comp_cor_161	combined	91.0781653684	0.0010003898	0.3040641919	True
a_comp_cor_162	combined	91.0435464076	0.0009996294	0.3050638213	True
a_comp_cor_163	combined	90.9440609644	0.000997446	0.3060612673	True
a_comp_cor_164	combined	90.8971235651	0.0009964167	0.307057684	True
a_comp_cor_165	combined	90.8196665489	0.0009947192	0.3080524032	True
a_comp_cor_166	combined	90.7713534765	0.0009936612	0.3090460644	True
a_comp_cor_167	combined	90.6683369167	0.0009914071	0.3100374715	True
a_comp_cor_168	combined	90.6139231606	0.0009902174	0.3110276889	True
a_comp_cor_169	combined	90.5747430408	0.0009893613	0.3120170502	True
a_comp_cor_170	combined	90.4128631699	0.000985828	0.3130028782	True
a_comp_cor_171	combined	90.4082119085	0.0009857266	0.3139886048	True
a_comp_cor_172	combined	90.3736345968	0.0009849727	0.3149735775	True
a_comp_cor_173	combined	90.2149242267	0.0009815162	0.3159550938	True
a_comp_cor_174	combined	90.159026471	0.0009803003	0.3169353941	True
a_comp_cor_175	combined	90.0966576393	0.0009789445	0.3179143385	True
a_comp_cor_176	combined	90.066435008	0.0009782878	0.3188926264	True
a_comp_cor_177	combined	90.0156954971	0.0009771859	0.3198698123	True
a_comp_cor_178	combined	89.9435740062	0.0009756207	0.3208454329	True
a_comp_cor_179	combined	89.9084158545	0.0009748581	0.321820291	True
a_comp_cor_180	combined	89.8629869041	0.0009738732	0.3227941642	True
a_comp_cor_181	combined	89.730688725	0.0009710078	0.323765172	True
a_comp_cor_182	combined	89.6890467409	0.0009701067	0.3247352787	True
a_comp_cor_183	combined	89.6216427283	0.0009686492	0.3257039279	True
a_comp_cor_184	combined	89.5925696794	0.0009680208	0.3266719487	True
a_comp_cor_185	combined	89.4761292182	0.0009655062	0.3276374549	True
a_comp_cor_186	combined	89.4119837736	0.0009641224	0.3286015773	True
a_comp_cor_187	combined	89.3575653151	0.0009629492	0.3295645265	True
a_comp_cor_188	combined	89.2943445577	0.0009615871	0.3305261135	True
a_comp_cor_189	combined	89.2295878524	0.0009601929	0.3314863064	True
a_comp_cor_190	combined	89.2014493623	0.0009595874	0.3324458938	True
a_comp_cor_191	combined	89.1568165956	0.0009586273	0.3334045211	True
a_comp_cor_192	combined	89.0729569427	0.0009568249	0.334361346	True
a_comp_cor_193	combined	89.0070821036	0.0009554101	0.3353167561	True
a_comp_cor_194	combined	88.8925354902	0.0009529526	0.3362697087	True
a_comp_cor_195	combined	88.847877682	0.0009519953	0.337221704	True
a_comp_cor_196	combined	88.7352644954	0.0009495836	0.3381712876	True
a_comp_cor_197	combined	88.6663929616	0.0009481101	0.3391193978	True
a_comp_cor_198	combined	88.6043610641	0.000946784	0.3400661818	True
a_comp_cor_199	combined	88.5866106478	0.0009464047	0.3410125864	True
a_comp_cor_200	combined	88.5188109858	0.0009449566	0.341957543	True
a_comp_cor_201	combined	88.4862151413	0.0009442608	0.3429018038	True
a_comp_cor_202	combined	88.4318367084	0.0009431005	0.3438449043	True
a_comp_cor_203	combined	88.3760471785	0.000941911	0.3447868153	True
a_comp_cor_204	combined	88.3247260668	0.0009408173	0.3457276326	True
a_comp_cor_205	combined	88.2667472081	0.0009395826	0.3466672152	True
a_comp_cor_206	combined	88.237214863	0.0009389539	0.3476061691	True
a_comp_cor_207	combined	88.1232011302	0.000936529	0.3485426981	True
a_comp_cor_208	combined	88.0731605041	0.0009354657	0.3494781638	True
a_comp_cor_209	combined	88.0123134426	0.0009341736	0.3504123374	True
a_comp_cor_210	combined	87.9194666092	0.0009322036	0.3513445411	True
a_comp_cor_211	combined	87.8831843084	0.0009314344	0.3522759755	True
a_comp_cor_212	combined	87.8569978499	0.0009308794	0.3532068549	True
a_comp_cor_213	combined	87.7915958114	0.000929494	0.3541363489	True
a_comp_cor_214	combined	87.7421259552	0.0009284468	0.3550647956	True
a_comp_cor_215	combined	87.6688097676	0.0009268958	0.3559916915	True
a_comp_cor_216	combined	87.647268582	0.0009264404	0.3569181319	True
a_comp_cor_217	combined	87.5603294045	0.0009246034	0.3578427353	True
a_comp_cor_218	combined	87.4704063162	0.0009227053	0.3587654405	True
a_comp_cor_219	combined	87.4156672262	0.0009215508	0.3596869913	True
a_comp_cor_220	combined	87.3564297502	0.0009203022	0.3606072935	True
a_comp_cor_221	combined	87.2706947196	0.0009184966	0.3615257901	True
a_comp_cor_222	combined	87.1834345275	0.0009166608	0.3624424509	True
a_comp_cor_223	combined	87.1639655622	0.0009162514	0.3633587023	True
a_comp_cor_224	combined	87.0911931433	0.0009147221	0.3642734245	True
a_comp_cor_225	combined	87.0616314217	0.0009141013	0.3651875257	True
a_comp_cor_226	combined	86.9635843477	0.0009120435	0.3660995693	True
a_comp_cor_227	combined	86.9128931095	0.0009109806	0.3670105498	True
a_comp_cor_228	combined	86.8877909662	0.0009104544	0.3679210043	True
a_comp_cor_229	combined	86.8502643483	0.0009096682	0.3688306724	True
a_comp_cor_230	combined	86.7545376566	0.000907664	0.3697383364	True
a_comp_cor_231	combined	86.700304534	0.0009065295	0.370644866	True
a_comp_cor_232	combined	86.624585769	0.0009049468	0.3715498128	True
a_comp_cor_233	combined	86.6112371802	0.0009046679	0.3724544807	True
a_comp_cor_234	combined	86.5567385489	0.0009035298	0.3733580105	True
a_comp_cor_235	combined	86.5143271767	0.0009026446	0.374260655	True
a_comp_cor_236	combined	86.4555224326	0.0009014179	0.375162073	True
a_comp_cor_237	combined	86.4006745576	0.0009002745	0.3760623475	True
a_comp_cor_238	combined	86.3092529597	0.0008983704	0.3769607179	True
a_comp_cor_239	combined	86.2388235956	0.0008969048	0.3778576227	True
a_comp_cor_240	combined	86.1972006816	0.0008960392	0.3787536619	True
a_comp_cor_241	combined	86.1173120876	0.0008943791	0.379648041	True
a_comp_cor_242	combined	86.0558332872	0.0008931026	0.3805411436	True
a_comp_cor_243	combined	86.0355700559	0.000892682	0.3814338256	True
a_comp_cor_244	combined	85.9259207201	0.0008904081	0.3823242337	True
a_comp_cor_245	combined	85.9128948191	0.0008901381	0.3832143718	True
a_comp_cor_246	combined	85.8628557226	0.0008891015	0.3841034734	True
a_comp_cor_247	combined	85.8155896758	0.0008881229	0.3849915963	True
a_comp_cor_248	combined	85.7862786461	0.0008875164	0.3858791127	True
a_comp_cor_249	combined	85.685119625	0.0008854245	0.3867645371	True
a_comp_cor_250	combined	85.5991910569	0.0008836495	0.3876481866	True
a_comp_cor_251	combined	85.5640453851	0.000882924	0.3885311106	True
a_comp_cor_252	combined	85.4642586535	0.0008808658	0.3894119765	True
a_comp_cor_253	combined	85.4101267304	0.0008797503	0.3902917268	True
a_comp_cor_254	combined	85.3886228029	0.0008793074	0.3911710342	True
a_comp_cor_255	combined	85.357163069	0.0008786596	0.3920496938	True
a_comp_cor_256	combined	85.2968184701	0.0008774177	0.3929271114	True
a_comp_cor_257	combined	85.2148107027	0.0008757313	0.3938028427	True
a_comp_cor_258	combined	85.1493730311	0.0008743868	0.3946772296	True
a_comp_cor_259	combined	85.0645505473	0.0008726457	0.3955498752	True
a_comp_cor_260	combined	84.9923469277	0.0008711649	0.3964210401	True
a_comp_cor_261	combined	84.9296130032	0.0008698793	0.3972909194	True
a_comp_cor_262	combined	84.8808140741	0.00086888	0.3981597994	True
a_comp_cor_263	combined	84.8271056418	0.0008677807	0.3990275801	True
a_comp_cor_264	combined	84.7897066607	0.0008670157	0.3998945958	True
a_comp_cor_265	combined	84.7545474397	0.0008662968	0.4007608927	True
a_comp_cor_266	combined	84.6948741889	0.0008650774	0.40162597	True
a_comp_cor_267	combined	84.6535744905	0.0008642339	0.402490204	True
a_comp_cor_268	combined	84.5802544224	0.0008627375	0.4033529415	True
a_comp_cor_269	combined	84.5599087332	0.0008623225	0.404215264	True
a_comp_cor_270	combined	84.4975639173	0.0008610514	0.4050763154	True
a_comp_cor_271	combined	84.4524682479	0.0008601326	0.405936448	True
a_comp_cor_272	combined	84.3702479834	0.0008584586	0.4067949066	True
a_comp_cor_273	combined	84.28555316	0.0008567359	0.4076516425	True
a_comp_cor_274	combined	84.239935858	0.0008558088	0.4085074513	True
a_comp_cor_275	combined	84.1974753579	0.0008549463	0.4093623977	True
a_comp_cor_276	combined	84.1402999894	0.0008537856	0.4102161833	True
a_comp_cor_277	combined	84.1186156377	0.0008533456	0.4110695288	True
a_comp_cor_278	combined	84.0701357585	0.0008523622	0.4119218911	True
a_comp_cor_279	combined	84.0502193622	0.0008519584	0.4127738495	True
a_comp_cor_280	combined	83.9806195326	0.0008505481	0.4136243976	True
a_comp_cor_281	combined	83.8831273289	0.0008485744	0.414472972	True
a_comp_cor_282	combined	83.8274692022	0.0008474487	0.4153204207	True
a_comp_cor_283	combined	83.7596640115	0.0008460783	0.416166499	True
a_comp_cor_284	combined	83.7164136282	0.0008452048	0.4170117037	True
a_comp_cor_285	combined	83.678210626	0.0008444335	0.4178561373	True
a_comp_cor_286	combined	83.6607791036	0.0008440818	0.418700219	True
a_comp_cor_287	combined	83.6045517929	0.0008429475	0.4195431666	True
a_comp_cor_288	combined	83.5052360305	0.000840946	0.4203841126	True
a_comp_cor_289	combined	83.4542872592	0.0008399202	0.4212240328	True
a_comp_cor_290	combined	83.4148755064	0.000839127	0.4220631598	True
a_comp_cor_291	combined	83.3475756231	0.0008377736	0.4229009334	True
a_comp_cor_292	combined	83.3149763079	0.0008371183	0.4237380517	True
a_comp_cor_293	combined	83.2816919392	0.0008364496	0.4245745014	True
a_comp_cor_294	combined	83.1841633018	0.0008344917	0.425408993	True
a_comp_cor_295	combined	83.155326364	0.0008339132	0.4262429062	True
a_comp_cor_296	combined	83.071528174	0.0008322333	0.4270751396	True
a_comp_cor_297	combined	82.9946062071	0.0008306928	0.4279058324	True
a_comp_cor_298	combined	82.943295542	0.000829666	0.4287354983	True
a_comp_cor_299	combined	82.9164911631	0.0008291298	0.4295646282	True
a_comp_cor_300	combined	82.8717649184	0.0008282356	0.4303928637	True
a_comp_cor_301	combined	82.8443681701	0.0008276881	0.4312205518	True
a_comp_cor_302	combined	82.7892321759	0.0008265867	0.4320471385	True
a_comp_cor_303	combined	82.7041972925	0.0008248896	0.4328720281	True
a_comp_cor_304	combined	82.6269020932	0.0008233484	0.4336953765	True
a_comp_cor_305	combined	82.5918504902	0.00082265	0.4345180265	True
a_comp_cor_306	combined	82.5182776094	0.000821185	0.4353392115	True
a_comp_cor_307	combined	82.4937757867	0.0008206974	0.4361599089	True
a_comp_cor_308	combined	82.4569137164	0.0008199641	0.436979873	True
a_comp_cor_309	combined	82.44362856	0.0008196999	0.437799573	True
a_comp_cor_310	combined	82.3550499057	0.0008179395	0.4386175125	True
a_comp_cor_311	combined	82.3442457389	0.0008177249	0.4394352374	True
a_comp_cor_312	combined	82.2650116631	0.000816152	0.4402513893	True
a_comp_cor_313	combined	82.1848575691	0.0008145623	0.4410659517	True
a_comp_cor_314	combined	82.1615633725	0.0008141006	0.4418800523	True
a_comp_cor_315	combined	82.1155748308	0.0008131895	0.4426932418	True
a_comp_cor_316	combined	82.0989806785	0.0008128609	0.4435061027	True
a_comp_cor_317	combined	82.0188563685	0.0008112751	0.4443173778	True
a_comp_cor_318	combined	81.9502303271	0.000809918	0.4451272958	True
a_comp_cor_319	combined	81.885823988	0.0008086455	0.4459359413	True
a_comp_cor_320	combined	81.856340014	0.0008080632	0.4467440045	True
a_comp_cor_321	combined	81.801529471	0.0008069815	0.447550986	True
a_comp_cor_322	combined	81.7667178432	0.0008062948	0.4483572807	True
a_comp_cor_323	combined	81.6376269939	0.0008037509	0.4491610316	True
a_comp_cor_324	combined	81.55227345	0.0008020711	0.4499631027	True
a_comp_cor_325	combined	81.5302366118	0.0008016377	0.4507647403	True
a_comp_cor_326	combined	81.5083484301	0.0008012073	0.4515659476	True
a_comp_cor_327	combined	81.4544485359	0.000800148	0.4523660956	True
a_comp_cor_328	combined	81.4212898678	0.0007994967	0.4531655923	True
a_comp_cor_329	combined	81.3718974037	0.000798527	0.4539641193	True
a_comp_cor_330	combined	81.3363725884	0.0007978299	0.4547619492	True
a_comp_cor_331	combined	81.3254049981	0.0007976147	0.4555595639	True
a_comp_cor_332	combined	81.2411671951	0.0007959632	0.4563555272	True
a_comp_cor_333	combined	81.2355946225	0.0007958541	0.4571513812	True
a_comp_cor_334	combined	81.1805432778	0.0007947758	0.457946157	True
a_comp_cor_335	combined	81.093726042	0.0007930767	0.4587392337	True
a_comp_cor_336	combined	81.033301659	0.0007918953	0.4595311291	True
a_comp_cor_337	combined	80.9896961026	0.0007910433	0.4603221723	True
a_comp_cor_338	combined	80.9523785343	0.0007903145	0.4611124868	True
a_comp_cor_339	combined	80.9072832903	0.0007894342	0.461901921	True
a_comp_cor_340	combined	80.8711099169	0.0007887285	0.4626906495	True
a_comp_cor_341	combined	80.7918804713	0.0007871838	0.4634778333	True
a_comp_cor_342	combined	80.7728300764	0.0007868126	0.4642646459	True
a_comp_cor_343	combined	80.7384484057	0.0007861429	0.4650507888	True
a_comp_cor_344	combined	80.6532080602	0.0007844838	0.4658352726	True
a_comp_cor_345	combined	80.6321249535	0.0007840738	0.4666193464	True
a_comp_cor_346	combined	80.5503187643	0.0007824836	0.46740183	True
a_comp_cor_347	combined	80.4812138521	0.0007811416	0.4681829715	True
a_comp_cor_348	combined	80.4783210268	0.0007810854	0.4689640569	True
a_comp_cor_349	combined	80.4054541862	0.0007796716	0.4697437285	True
a_comp_cor_350	combined	80.3337716318	0.0007782821	0.4705220106	True
a_comp_cor_351	combined	80.3202716437	0.0007780205	0.4713000311	True
a_comp_cor_352	combined	80.2265736907	0.0007762064	0.4720762375	True
a_comp_cor_353	combined	80.1655009146	0.000775025	0.4728512625	True
a_comp_cor_354	combined	80.1386691118	0.0007745063	0.4736257688	True
a_comp_cor_355	combined	80.1232789893	0.0007742089	0.4743999776	True
a_comp_cor_356	combined	80.0599547798	0.0007729856	0.4751729632	True
a_comp_cor_357	combined	79.9784383224	0.0007714123	0.4759443755	True
a_comp_cor_358	combined	79.957364993	0.0007710058	0.4767153813	True
a_comp_cor_359	combined	79.883455407	0.0007695811	0.4774849624	True
a_comp_cor_360	combined	79.8533177594	0.0007690005	0.4782539629	True
a_comp_cor_361	combined	79.793895717	0.0007678565	0.4790218194	True
a_comp_cor_362	combined	79.704033763	0.000766128	0.4797879473	True
a_comp_cor_363	combined	79.6424967622	0.0007649454	0.4805528928	True
a_comp_cor_364	combined	79.6234398072	0.0007645794	0.4813174721	True
a_comp_cor_365	combined	79.5980635891	0.0007640921	0.4820815642	True
a_comp_cor_366	combined	79.5329044572	0.0007628416	0.4828444059	True
a_comp_cor_367	combined	79.4924222443	0.0007620653	0.4836064711	True
a_comp_cor_368	combined	79.4655451699	0.00076155	0.4843680212	True
a_comp_cor_369	combined	79.4135517906	0.0007605538	0.485128575	True
a_comp_cor_370	combined	79.3623912909	0.0007595742	0.4858881492	True
a_comp_cor_371	combined	79.3208626213	0.0007587795	0.4866469286	True
a_comp_cor_372	combined	79.2822790997	0.0007580415	0.4874049701	True
a_comp_cor_373	combined	79.2171644176	0.0007567968	0.4881617669	True
a_comp_cor_374	combined	79.1456581601	0.0007554312	0.4889171981	True
a_comp_cor_375	combined	79.0909288027	0.0007543868	0.4896715848	True
a_comp_cor_376	combined	79.0705727348	0.0007539985	0.4904255833	True
a_comp_cor_377	combined	79.0475546108	0.0007535596	0.4911791429	True
a_comp_cor_378	combined	78.9940173549	0.0007525392	0.491931682	True
a_comp_cor_379	combined	78.9818797459	0.0007523079	0.49268399	True
a_comp_cor_380	combined	78.8682143347	0.0007501441	0.4934341341	True
a_comp_cor_381	combined	78.8592284514	0.0007499732	0.4941841073	True
a_comp_cor_382	combined	78.8395081844	0.0007495982	0.4949337055	True
a_comp_cor_383	combined	78.6970775155	0.0007468922	0.4956805977	True
a_comp_cor_384	combined	78.6784816586	0.0007465393	0.4964271369	True
a_comp_cor_385	combined	78.6500091033	0.000745999	0.497173136	True
a_comp_cor_386	combined	78.6449046118	0.0007459022	0.4979190382	True
a_comp_cor_387	combined	78.5911927845	0.0007448837	0.4986639219	True
a_comp_cor_388	combined	78.5112131539	0.0007433684	0.4994072902	True
a_comp_cor_389	combined	78.4788787573	0.0007427562	0.5001500464	True
